date,feature1,feature2,Target,feature3,feature4,feature5,feature6
1/2/2019,18.53,2841129,398.82,11.8847,1.2979,2.0788,12.5
1/3/2019,18.53,2780832,389.74,11.614,1.2684,2.0314,12.79
1/4/2019,18.53,2874309,402.54,11.9951,1.31,2.0981,12.38
1/7/2019,18.53,2880011,403.47,12.0228,1.3131,2.1029,12.35
1/8/2019,18.53,2880784,403.47,12.0226,1.3131,2.1029,12.35
1/9/2019,18.53,2896271,405.55,12.0846,1.3198,2.1137,12.29
1/10/2019,18.53,2899495,406.03,12.0985,1.3214,2.1162,12.28
1/11/2019,18.53,2905042,406.73,12.1191,1.3237,2.1198,12.26
1/14/2019,18.53,2927162,409.68,12.207,1.3333,2.1351,12.17
1/15/2019,18.53,2944490,412.99,12.3056,1.344,2.1524,12.07
1/16/2019,18.53,3006041,422.09,12.5767,1.3737,2.1998,11.81
1/17/2019,18.53,3019655,424.38,12.6451,1.3811,2.2118,11.75
1/18/2019,18.53,3069590,431.64,12.822,1.4047,2.2495,11.51
1/22/2019,18.53,3035980,426.95,12.6832,1.3895,2.2251,11.63
1/23/2019,18.53,3036612,427.1,12.6659,1.39,2.2259,11.63
1/24/2019,18.53,3041961,427.97,12.6916,1.3928,2.2304,11.61
1/25/2019,18.53,3068321,431.63,12.7999,1.4047,2.2495,11.51
1/28/2019,18.53,3060709,430.48,12.7657,1.401,2.2434,11.54
1/29/2019,18.53,3050759,429.2,12.7272,1.3968,2.2368,11.58
1/30/2019,18.53,3060907,431.06,12.782,1.4029,2.2464,11.53
1/31/2019,18.53,3051737,429.9,12.7477,1.3991,2.2404,11.56
2/1/2019,18.53,3064822,432.1,12.8132,1.4062,2.2519,11.5
2/4/2019,18.53,3077630,433.72,12.8611,1.4115,2.2603,11.46
2/5/2019,18.53,3072311,433.1,12.8428,1.4095,2.2571,11.47
2/6/2019,18.53,3063519,431.92,12.808,1.4056,2.251,11.5
2/7/2019,18.53,3035685,427.88,12.6886,1.3925,2.23,11.61
2/8/2019,18.53,3018897,425.53,12.619,1.3849,2.2177,11.68
2/11/2019,18.53,3025249,426.6,12.6505,1.3885,2.2233,11.65
2/12/2019,18.53,3072862,433.26,12.8479,1.4102,2.258,11.47
2/13/2019,18.53,3077926,434.12,12.9174,1.413,2.2624,11.44
2/14/2019,18.53,3042134,429.09,12.7677,1.3966,2.2362,11.56
2/15/2019,18.53,3103937,437.75,13.0251,1.4248,2.2813,11.33
2/19/2019,18.53,3109138,438.59,13.0502,1.4275,2.2857,11.31
2/20/2019,18.53,3127645,441.13,13.1261,1.4358,2.299,11.24
2/21/2019,18.53,3113210,439.16,13.0678,1.4294,2.2888,11.29
2/22/2019,18.53,3100548,438.13,13.0373,1.426,2.2834,11.32
2/25/2019,18.53,3115315,439.97,13.0921,1.432,2.293,11.27
2/26/2019,18.53,3102705,438.93,13.061,1.4287,2.2876,11.3
2/27/2019,18.53,3112755,440.49,13.1075,1.4337,2.2957,11.26
2/28/2019,18.52,3102672,439.26,13.071,1.4296,2.2893,11.29
3/1/2019,18.52,3118690,441.64,13.1416,1.4374,2.3017,11.23
3/4/2019,18.52,3099192,438.91,13.0608,1.4285,2.2876,11.3
3/5/2019,18.52,3088908,437.48,13.0184,1.4238,2.2801,11.33
3/6/2019,18.44,3065178,434.36,12.9381,1.4137,2.2639,11.28
3/7/2019,18.44,3031422,429.74,12.801,1.3986,2.2399,11.4
3/8/2019,18.44,3031767,429.74,12.801,1.3986,2.2399,11.4
3/11/2019,18.44,3061140,433.99,12.9275,1.4125,2.262,11.29
3/12/2019,18.44,3066509,434.77,12.9506,1.415,2.266,11.27
3/13/2019,18.44,3088190,437.94,13.0448,1.4253,2.2825,11.19
3/14/2019,18.44,3101761,439.74,13.0987,1.4312,2.292,11.15
3/15/2019,18.44,3120832,442.54,13.1823,1.4403,2.3066,11.08
3/18/2019,18.43,3153137,447.08,13.3422,1.4578,2.3326,10.95
3/19/2019,18.43,3129093,443.66,13.2402,1.4466,2.3147,11.03
3/20/2019,18.43,3062456,434.4,12.9646,1.4164,2.2648,11.27
3/21/2019,18.43,3052476,433.09,12.9255,1.4121,2.258,11.3
3/22/2019,18.42,2966460,421.09,12.5633,1.3726,2.1957,11.63
3/25/2019,18.42,2957233,419.44,12.5141,1.3672,2.1871,11.67
3/26/2019,18.42,2991586,424.19,12.6557,1.3827,2.2118,11.54
3/27/2019,18.42,2978580,422.33,12.6001,1.3766,2.2021,11.59
3/28/2019,18.42,3003090,425.83,12.7046,1.388,2.2204,11.5
3/29/2019,18.42,3013028,427.19,12.7453,1.3925,2.2275,11.46
4/1/2019,19.3,3086145,437.53,12.7285,1.372,2.2032,6.16
4/2/2019,19.28,3086799,437.48,12.6463,1.3562,2.1898,6.2
4/3/2019,19.46,3092981,438.87,12.705,1.3675,2.206,6.09
4/4/2019,19.47,3108612,441.01,12.8472,1.39,2.2298,6.03
4/5/2019,19.47,3107591,441.4,12.8584,1.3912,2.2317,6.02
4/8/2019,19.47,3111857,442.06,12.8776,1.3933,2.2351,6.01
4/9/2019,19.47,3082142,438.18,12.7647,1.3811,2.2155,6.06
4/10/2019,19.47,3093147,439.65,12.8074,1.3857,2.2229,6.05
4/11/2019,19.47,3109411,442.11,12.8798,1.3935,2.2354,5.98
4/12/2019,19.47,3167079,450.63,13.1278,1.4203,2.2784,5.7
4/15/2019,19.47,3147024,447.81,13.0454,1.4114,2.2642,5.9
4/16/2019,19.47,3188928,453.93,13.2241,1.4307,2.2952,5.82
4/17/2019,19.47,3195588,454.76,13.2481,1.4333,2.2994,5.81
4/18/2019,19.47,3187963,453.66,13.2161,1.4299,2.2938,5.83
4/22/2019,19.47,3179395,452.49,13.1822,1.4262,2.2879,5.88
4/23/2019,19.47,3197306,455.13,13.2969,1.4345,2.3013,5.22
4/24/2019,19.47,3192707,454.49,13.278,1.4325,2.298,5.23
4/25/2019,19.47,3200401,455.67,13.3431,1.4362,2.304,5.84
4/26/2019,19.47,3225870,459.96,13.4688,1.4497,2.3257,5.79
4/29/2019,19.47,3254578,464.22,13.5935,1.4631,2.3472,5.73
4/30/2019,19.47,3259992,464.95,13.615,1.4654,2.3509,5.72
5/1/2019,19.47,3228631,460.97,13.4984,1.4529,2.3308,5.77
5/2/2019,19.47,3233765,461.7,13.5198,1.4552,2.3345,5.76
5/3/2019,19.47,3258401,465.52,13.6316,1.4672,2.3538,5.73
5/6/2019,19.47,3238151,462.42,13.5409,1.4575,2.3381,5.75
5/7/2019,19.47,3183032,454.6,13.3121,1.4328,2.2986,5.85
5/8/2019,19.47,3173525,453.3,13.2741,1.4287,2.292,5.87
5/9/2019,19.47,3168831,452.67,13.2558,1.4267,2.2889,5.88
5/10/2019,19.47,3185473,455.03,13.3246,1.4342,2.3008,5.85
5/13/2019,19.47,3092238,441.95,12.9421,1.3929,2.2347,5.71
5/14/2019,19.47,3118457,445.47,13.0453,1.404,2.2525,5.65
5/15/2019,19.47,3103198,443.33,12.9825,1.3973,2.2417,5.68
5/16/2019,19.47,3137352,448.19,13.1251,1.4126,2.2663,5.62
5/17/2019,19.47,3118486,445.52,13.0472,1.4042,2.2529,5.65
5/20/2019,19.47,3123015,446.13,13.0651,1.4061,2.256,5.64
5/21/2019,19.47,3151102,449.95,13.1768,1.4182,2.2753,5.6
5/22/2019,19.47,3134947,447.7,13.111,1.4111,2.2639,5.63
5/23/2019,19.47,3087166,441.03,12.9157,1.39,2.2302,5.74
5/24/2019,19.47,3111617,444.42,13.015,1.4007,2.2473,5.7
5/28/2019,19.47,3078737,439.55,12.8721,1.3854,2.2226,6.04
5/29/2019,19.47,3075712,439.07,12.8581,1.3839,2.2202,6.05
5/30/2019,19.47,3060520,437.11,12.8007,1.3777,2.2103,6.08
5/31/2019,19.47,3014269,430.65,12.6118,1.3572,2.1777,6.17
6/3/2019,19.47,3034744,433.6,12.6981,1.3665,2.1926,6.16
6/4/2019,19.47,3118759,445.34,13.0413,1.4035,2.2519,6
6/5/2019,19.47,3136055,447.87,13.1159,1.4115,2.2648,5.96
6/6/2019,19.47,3147251,449.52,13.1637,1.4167,2.2732,5.91
6/7/2019,19.47,3140628,448.64,13.138,1.4139,2.2687,5.92
6/10/2019,19.47,3168806,452.62,13.2463,1.4265,2.2889,5.87
6/11/2019,19.47,3169283,452.63,13.2465,1.4265,2.2889,5.87
6/12/2019,19.46,3139070,448.34,13.1209,1.413,2.2673,5.93
6/13/2019,19.46,3146642,449.39,13.1515,1.4157,2.2725,5.93
6/14/2019,19.47,3154530,450.55,13.1857,1.4196,2.2784,5.91
6/17/2019,19.42,3125044,446.34,13.0668,1.4061,2.2571,6.69
6/18/2019,19.41,3166526,452.2,13.2382,1.4246,2.2871,6.61
6/19/2019,19.41,3159547,451.26,13.2096,1.4216,2.2823,6.63
6/20/2019,19.41,3175354,453.5,13.275,1.4287,2.2936,6.58
6/21/2019,19.41,3168394,452.28,13.2379,1.4248,2.2874,6.6
6/24/2019,19.39,3156369,450.77,13.2105,1.4216,2.2788,6.62
6/25/2019,19.43,3143698,449.17,13.1606,1.4165,2.2707,5.95
6/26/2019,19.43,3138581,448.44,13.139,1.4142,2.2669,5.95
6/27/2019,19.43,3166497,452.57,13.26,1.4273,2.2878,5.9
6/28/2019,19.43,3211638,458.92,13.446,1.4473,2.3199,5.82
7/1/2019,19.21,3261432,464.14,13.2076,1.4109,2.3101,4.35
7/2/2019,19.21,3254974,463.29,13.1836,1.4083,2.306,4.36
7/3/2019,19.21,3274898,466.05,13.261,1.4167,2.3195,4.33
7/5/2019,19.21,3287770,467.83,13.311,1.4221,2.3282,4.31
7/8/2019,19.21,3265858,464.87,13.2258,1.4131,2.3135,4.34
7/9/2019,19.21,3278176,466.49,13.2808,1.418,2.3215,4.33
7/10/2019,19.21,3262419,464.34,13.2192,1.4115,2.3108,4.35
7/11/2019,19.21,3283399,467.11,13.2987,1.4199,2.3247,4.32
7/12/2019,19.21,3303794,469.97,13.3798,1.4286,2.3389,4.29
7/15/2019,19.21,3286017,467.48,13.3088,1.421,2.3264,4.32
7/16/2019,19.21,3269949,466.27,13.2744,1.4174,2.3204,4.33
7/17/2019,19.21,3237760,462.15,13.1573,1.4048,2.3,4.36
7/18/2019,19.21,3265358,465.94,13.2652,1.4164,2.3188,4.33
7/19/2019,19.21,3248509,463.68,13.2009,1.4095,2.3076,4.35
7/22/2019,19.21,3255165,464.65,13.2288,1.4124,2.3125,4.37
7/23/2019,19.21,3290956,469.93,13.379,1.4285,2.3387,4.32
7/24/2019,19.21,3320911,474.23,13.5011,1.4416,2.3601,4.28
7/25/2019,17.26,3300141,471.42,14.1488,1.5192,2.2829,5.05
7/26/2019,19.21,3331442,476.09,13.5519,1.4472,2.3693,4.26
7/29/2019,19.21,3303990,472.36,13.4459,1.4359,2.3508,4.29
7/30/2019,19.21,3297350,471.49,13.4209,1.4332,2.3464,4.34
7/31/2019,19.21,3283484,469.45,13.3629,1.427,2.3363,4.36
8/1/2019,19.21,3206098,458.55,13.0529,1.3939,2.2821,4.46
8/2/2019,19.21,3196339,457.56,13.0251,1.3909,2.2772,4.47
8/5/2019,19.21,3091006,442.67,12.5994,1.3456,2.2031,4.62
8/6/2019,19.24,3136294,449.34,12.7891,1.3659,2.2364,4.55
8/7/2019,19.24,3093279,443.89,12.6338,1.3493,2.2093,4.61
8/8/2019,19.24,3144853,451.27,12.8439,1.3718,2.246,4.53
8/9/2019,19.24,3134447,449.93,12.8061,1.3677,2.2394,4.55
8/12/2019,19.24,3074316,441.49,12.5661,1.342,2.1974,4.63
8/13/2019,19.24,3111169,446.72,12.7152,1.3579,2.2235,4.58
8/14/2019,19.24,2997986,430.82,12.2628,1.3096,2.1444,4.75
8/15/2019,19.24,3005681,432.16,12.301,1.3137,2.1511,4.73
8/16/2019,19.24,3062918,440.19,12.5295,1.3381,2.191,4.65
8/19/2019,19.24,3093523,444.53,12.6529,1.3513,2.2126,4.6
8/20/2019,19.24,3050197,438.32,12.4762,1.3324,2.1817,4.67
8/21/2019,19.24,3064237,440.32,12.5329,1.3385,2.1916,4.65
8/22/2019,19.24,3082836,443.07,12.6112,1.3468,2.2053,4.62
8/23/2019,19.24,3003663,431.84,12.2919,1.3127,2.1495,4.74
8/26/2019,19.24,3035290,436.5,12.4246,1.3269,2.1727,4.69
8/27/2019,19.24,3014787,433.46,12.3382,1.3176,2.1576,4.72
8/28/2019,19.24,3042362,437.42,12.4509,1.3297,2.1773,4.68
8/29/2019,19.24,3087665,443.89,12.6348,1.3493,2.2095,4.61
8/30/2019,19.24,3100119,445.65,12.685,1.3547,2.2182,4.59
9/3/2019,19.24,3065616,440.72,12.5447,1.3398,2.1937,4.64
9/4/2019,19.24,3099032,445.49,12.6805,1.3543,2.2174,4.59
9/5/2019,19.24,3159105,453.94,12.9209,1.38,2.2595,4.51
9/6/2019,19.24,3159012,454.01,12.9229,1.3802,2.2598,4.51
9/9/2019,19.24,3208365,460.99,13.1214,1.4014,2.2945,4.44
9/10/2019,19.24,3220397,462.85,13.1742,1.407,2.3038,4.42
9/11/2019,19.24,3239300,465.6,13.2522,1.4154,2.3174,4.39
9/12/2019,19.24,3254604,467.76,13.3135,1.422,2.3281,4.37
9/13/2019,19.24,3281657,471.68,13.4253,1.4339,2.3477,4.34
9/16/2019,19.24,3266834,469.39,13.3602,1.4269,2.3363,4.36
9/17/2019,19.24,3270165,469.84,13.3734,1.4283,2.3386,4.35
9/18/2019,19.24,3284171,471.88,13.4317,1.4345,2.3488,4.33
9/19/2019,19.22,3271438,469.98,13.3583,1.4287,2.3394,4.39
9/20/2019,19.22,3250253,466.96,13.2721,1.4195,2.3244,4.42
9/23/2019,19.22,3256259,467.76,13.3653,1.4273,2.3358,4.43
9/24/2019,19.22,3224892,463.36,13.2528,1.4139,2.3139,4.47
9/25/2019,19.22,3248665,466.75,13.3508,1.4242,2.3309,4.44
9/26/2019,19.23,3230204,464.93,13.2715,1.4218,2.3218,4.46
9/27/2019,17.97,3238102,466.03,13.6334,1.4729,2.3307,5.18
9/30/2019,19.21,3233965,465.54,13.1933,1.3866,2.2836,2.5
10/1/2019,19.21,3163945,455.86,12.919,1.3577,2.2362,2.55
10/2/2019,19.21,3096559,446.3,12.648,1.3293,2.1893,2.61
10/3/2019,19.21,3100400,447.03,12.6687,1.3314,2.1928,2.6
10/4/2019,19.21,3160458,455.67,12.9136,1.3572,2.2352,2.55
10/7/2019,19.21,3146376,453.65,12.8565,1.3512,2.2253,2.59
10/8/2019,19.21,3082137,444.47,12.5964,1.3238,2.1803,2.64
10/9/2019,19.21,3112516,448.9,12.7219,1.337,2.202,2.62
10/10/2019,19.21,3145781,453.5,12.8523,1.3507,2.2246,2.59
10/11/2019,19.21,3187763,459.31,13.0169,1.368,2.2531,2.56
10/14/2019,19.21,3191898,459.86,13.0325,1.3696,2.2558,2.56
10/15/2019,19.21,3223137,465.98,13.206,1.3879,2.2858,2.52
10/16/2019,19.21,3207288,464.84,13.1737,1.3845,2.2802,2.53
10/17/2019,19.21,3210264,465.37,13.1887,1.3861,2.2828,2.53
10/18/2019,19.21,3217164,466.45,13.2193,1.3893,2.2881,2.52
10/21/2019,19.21,3262052,473.09,13.4075,1.4091,2.3207,2.46
10/22/2019,19.21,3252074,471.76,13.3698,1.4051,2.3141,2.47
10/23/2019,19.21,3264219,473.45,13.4177,1.4101,2.3224,2.46
10/24/2019,19.21,3262778,473.26,13.4123,1.4096,2.3215,2.46
10/25/2019,19.21,3277327,475.59,13.4772,1.4165,2.3329,2.45
10/28/2019,19.21,3290635,477.97,13.5456,1.4236,2.3445,2.42
10/29/2019,19.21,3299909,479.31,13.5836,1.4276,2.351,2.41
10/30/2019,19.21,3292216,478.62,13.564,1.4255,2.3477,2.42
10/31/2019,19.21,3272800,475.99,13.4895,1.4177,2.3348,2.43
11/1/2019,19.21,3317242,482.76,13.6809,1.4377,2.3681,2.4
11/4/2019,19.21,3336594,487.06,13.8028,1.4505,2.3893,3.41
11/5/2019,19.21,3349612,489.12,13.8732,1.4566,2.3999,3.39
11/6/2019,19.21,3361610,491.13,13.9302,1.4626,2.4097,3.38
11/7/2019,19.21,3384604,494.41,14.0232,1.4724,2.4258,3.36
11/8/2019,19.21,3383995,494.49,14.0156,1.4726,2.4262,3.36
11/11/2019,19.21,3374934,493.2,13.979,1.4688,2.4199,3.37
11/12/2019,19.21,3375939,493.38,13.9841,1.4693,2.4208,3.37
11/13/2019,19.21,3356242,490.55,13.9039,1.4609,2.4069,3.39
11/14/2019,19.21,3359656,490.99,13.9164,1.4622,2.409,3.38
11/15/2019,19.21,3375588,493.22,13.9796,1.4688,2.42,3.44
11/18/2019,19.21,3380797,493.95,14.0002,1.471,2.4236,3.44
11/19/2019,19.21,3386615,494.73,14.0224,1.4733,2.4274,3.43
11/20/2019,19.21,3369988,492.26,13.9523,1.466,2.4153,3.45
11/21/2019,19.21,3367355,491.78,13.9387,1.4645,2.4129,3.45
11/22/2019,19.21,3392736,495.51,14.0445,1.4756,2.4312,3.43
11/25/2019,19.2,3415547,498.74,14.136,1.4853,2.4471,3.4
11/26/2019,19.2,3411103,498.15,14.1193,1.4835,2.4442,3.41
11/27/2019,19.2,3423718,500.03,14.1726,1.4891,2.4534,3.39
11/29/2019,19.2,3416350,498.96,14.1404,1.4865,2.4482,3.4
12/2/2019,19.2,3393070,495.74,14.0654,1.4769,2.4324,3.43
12/3/2019,19.2,3347721,489.21,13.8959,1.456,2.4003,3.46
12/4/2019,19.2,3381687,494.04,14.0324,1.4704,2.4242,3.42
12/5/2019,19.19,3406502,495.88,14.0984,1.4771,2.4299,3.41
12/6/2019,19.19,3452739,502.58,14.2889,1.497,2.4627,3.37
12/9/2019,19.22,3442763,501.07,14.2513,1.4946,2.4565,3.41
12/10/2019,19.22,3442397,501.06,14.251,1.4945,2.4565,3.41
12/11/2019,19.22,3434394,500.03,14.2217,1.4915,2.4514,3.42
12/12/2019,19.22,3503858,510.03,14.5061,1.5213,2.5005,3.35
12/13/2019,19.22,3487089,507.63,14.4378,1.5141,2.4887,3.37
12/16/2019,19.22,3500859,509.67,14.4959,1.5202,2.4987,3.36
12/17/2019,19.22,3518514,512.16,14.5667,1.5277,2.5109,3.34
12/18/2019,19.22,3502327,509.73,14.4976,1.5204,2.499,3.36
12/19/2019,19.22,3503338,509.88,14.5018,1.5209,2.4997,3.35
12/20/2019,19.22,3504130,510.17,14.5101,1.5217,2.5012,3.35
12/23/2019,19.16,3494571,509.28,14.4947,1.5219,2.4947,3.39
12/24/2019,19.16,3498104,509.79,14.5092,1.5234,2.4972,3.39
12/26/2019,19.16,3517626,512.59,14.5889,1.5318,2.5109,3.37
12/27/2019,19.16,3512563,511.89,14.569,1.5297,2.5074,3.37
12/30/2019,19.16,3498314,509.9,14.5124,1.5238,2.4977,3.39
12/31/2019,18.26,3508448,511.39,13.9094,1.4942,2.3501,8.79
1/2/2020,18.26,3541638,516.21,14.0405,1.5083,2.3722,8.7
1/3/2020,18.26,3502177,510.52,13.8857,1.4917,2.3461,8.8
1/6/2020,18.26,3499499,510.23,13.8778,1.4908,2.3447,8.81
1/7/2020,18.26,3476606,506.82,13.7851,1.4809,2.3291,8.86
1/8/2020,18.26,3496358,509.56,13.8596,1.4889,2.3417,8.82
1/9/2020,18.26,3522699,513.48,13.9662,1.5003,2.3597,8.75
1/10/2020,18.26,3495964,509.47,13.8572,1.4886,2.3412,8.82
1/13/2020,18.26,3521446,513.18,13.9581,1.4994,2.3583,8.75
1/14/2020,18.26,3502360,511.95,13.9246,1.4958,2.3526,8.78
1/15/2020,18.26,3475108,509.14,13.8482,1.4876,2.3397,8.82
1/16/2020,18.26,3502755,513.07,13.9551,1.4991,2.3578,8.76
1/17/2020,18.26,3517296,515.28,14.0152,1.5056,2.3679,8.72
1/21/2020,18.26,3486267,510.83,13.8964,1.4926,2.3538,8.79
1/22/2020,18.26,3494435,512.19,13.9333,1.4965,2.3601,8.77
1/23/2020,18.26,3484969,510.99,13.9007,1.493,2.3545,8.79
1/24/2020,18.26,3436886,504.03,13.7114,1.4727,2.3225,8.91
1/27/2020,18.26,3383831,496.28,13.5005,1.4501,2.2867,9.05
1/28/2020,18.26,3422855,501.89,13.6532,1.4664,2.3126,8.94
1/29/2020,18.26,3416991,501.09,13.6314,1.4641,2.3089,8.96
1/30/2020,18.26,3459424,507.35,13.8017,1.4824,2.3378,8.74
1/31/2020,18.26,3388630,497.1,13.5228,1.4525,2.2905,8.92
2/3/2020,18.26,3410083,500.06,13.6034,1.4611,2.3042,8.87
2/4/2020,18.26,3446447,505.25,13.744,1.4763,2.3281,8.78
2/5/2020,18.26,3513372,515.2,14.0147,1.5053,2.3739,8.61
2/6/2020,18.26,3506845,514.33,13.991,1.5028,2.3699,8.62
2/7/2020,18.26,3494995,512.49,13.941,1.4974,2.3615,8.66
2/10/2020,18.26,3503024,513.56,13.9701,1.5005,2.3664,8.64
2/11/2020,18.26,3517372,515.63,14.0264,1.5066,2.3759,8.6
2/12/2020,18.26,3519673,516.01,14.0367,1.5077,2.3777,8.6
2/13/2020,18.25,3517458,515.78,14.0303,1.507,2.3766,8.6
2/14/2020,18.25,3519374,516.18,14.0412,1.5082,2.3785,8.59
2/18/2020,18.25,3487474,511.6,13.9166,1.4948,2.3574,8.67
2/19/2020,18.25,3509269,515.37,14.0192,1.5058,2.3747,8.61
2/20/2020,18.25,3503507,514.7,14.0009,1.5039,2.3716,8.62
2/21/2020,18.25,3462172,509.7,13.8649,1.4893,2.3486,8.7
2/24/2020,18.25,3343475,493.01,13.4109,1.4405,2.2717,9
2/25/2020,18.25,3226743,476.22,12.9548,1.3914,2.1923,9.3
2/26/2020,18.25,3196557,473.01,12.8675,1.3821,2.1776,9.36
2/27/2020,18.25,3053358,452.33,12.3049,1.3216,2.0824,9.81
2/28/2020,18.25,2972595,440.7,11.9885,1.2877,2.0288,10.06
3/2/2020,18.25,3115411,462.16,12.5837,1.3504,2.1284,9.59
3/3/2020,18.25,2999372,444.92,12.1142,1.3,2.049,9.96
3/4/2020,18.25,3096252,459.55,12.5126,1.3427,2.1163,9.64
3/5/2020,18.25,2943893,437.12,11.9019,1.2772,2.013,10.14
3/6/2020,18.25,2844855,422.74,11.5103,1.2352,1.9468,10.49
3/9/2020,18.25,2529639,376.6,10.254,1.1004,1.7343,11.77
3/10/2020,18.25,2683794,399.35,10.8735,1.1669,1.8391,11.1
3/11/2020,18.25,2532768,377.3,10.2731,1.1024,1.7376,11.71
3/12/2020,18.25,2257359,336.66,9.1665,0.9837,1.5504,13.12
3/13/2020,18.25,2558219,381.2,10.3793,1.1138,1.7555,11.77
3/16/2020,18.25,2195583,327.87,8.9272,0.958,1.5099,13.68
3/17/2020,18.25,2324163,346.78,9.4421,1.0132,1.597,12.93
3/18/2020,18.25,2119227,316.1,8.6067,0.9236,1.4557,14.19
3/19/2020,18.25,2167090,323.22,8.8006,0.9444,1.4885,13.88
3/20/2020,18.25,2092241,312.65,8.5128,0.9135,1.4398,14.35
3/23/2020,18.25,1961900,293.55,7.9928,0.8577,1.3519,15.28
3/24/2020,18.25,2216691,330.99,9.0122,0.9671,1.5243,13.55
3/25/2020,18.25,2278199,339.78,9.2515,0.9928,1.5648,13.2
3/26/2020,18.25,2429705,361.62,9.8462,1.0566,1.6653,12.4
3/27/2020,18.25,2348080,349.66,9.5205,1.0217,1.6103,12.83
3/30/2020,18.21,2395497,356.7,9.7164,1.0426,1.643,12.52
3/31/2020,18.59,2319912,346.02,10.8505,1.0359,1.6573,13.2
4/1/2020,18.59,2178683,325.37,10.203,0.9741,1.5584,14.04
4/2/2020,18.59,2233053,333.4,10.4548,0.9981,1.5968,13.7
4/3/2020,18.59,2183267,325.95,10.2212,0.9758,1.5612,14.02
4/6/2020,18.59,2347933,350.26,10.9835,1.0486,1.6776,13.05
4/7/2020,18.59,2370869,353.56,11.0862,1.0583,1.6934,12.92
4/8/2020,18.59,2476231,369.12,11.5741,1.1049,1.7679,12.38
4/9/2020,18.59,2608540,388.28,12.1701,1.1623,1.8597,11.77
4/13/2020,18.59,2513627,374.38,11.7303,1.1207,1.7931,12.1
4/14/2020,18.59,2520407,375.62,11.7692,1.1244,1.7991,12.06
4/15/2020,18.59,2405371,359.22,11.2553,1.0753,1.7205,12.61
4/16/2020,18.59,2363485,352.99,11.0601,1.0566,1.6907,12.83
4/17/2020,18.59,2497912,372.64,11.6685,1.1154,1.7848,12.17
4/20/2020,18.59,2448337,365.35,11.4402,1.0936,1.7499,12.41
4/21/2020,18.59,2370050,353.65,11.0739,1.0586,1.6939,12.82
4/22/2020,18.59,2395363,357.5,11.1944,1.0701,1.7123,12.68
4/23/2020,18.59,2384507,355.96,11.1462,1.0655,1.7049,12.74
4/24/2020,18.59,2418725,360.99,11.3037,1.0806,1.729,12.56
4/27/2020,18.59,2509652,374.02,11.7117,1.1196,1.7914,12.12
4/28/2020,18.59,2533118,377.42,11.8182,1.1298,1.8077,12.02
4/29/2020,18.59,2611328,388.77,12.1736,1.1637,1.8621,11.66
4/30/2020,18.59,2538427,378.34,11.847,1.1325,1.8121,11.99
5/1/2020,18.59,2453619,365.79,11.4529,1.0949,1.752,12.21
5/4/2020,18.59,2434439,362.44,11.348,1.0849,1.736,12.33
5/5/2020,18.59,2433430,362.19,11.3402,1.0842,1.7348,12.34
5/6/2020,18.59,2377456,353.83,11.0784,1.0591,1.6947,12.63
5/7/2020,18.59,2431852,361.68,11.3242,1.0826,1.7323,12.35
5/8/2020,18.59,2485337,369.6,11.5722,1.1063,1.7702,12.09
5/11/2020,18.59,2436588,362.42,11.3474,1.0849,1.7359,12.33
5/12/2020,18.59,2367429,352.74,11.0443,1.0559,1.6895,12.67
5/13/2020,18.59,2295535,342.14,10.7124,1.0242,1.6387,13.06
5/14/2020,18.59,2359030,351.18,10.9955,1.0512,1.682,12.72
5/15/2020,18.57,2340650,348.6,10.9449,1.0476,1.6778,12.74
5/18/2020,18.57,2467474,367.15,11.5273,1.1034,1.7671,12.1
5/19/2020,18.57,2404307,357.89,11.2365,1.0755,1.7225,12.41
5/20/2020,18.57,2458424,365.83,11.4858,1.0994,1.7608,12.14
5/21/2020,18.57,2449853,364.54,11.4453,1.0955,1.7545,12.18
5/22/2020,18.57,2443304,363.6,11.4158,1.0927,1.75,12.22
5/26/2020,18.57,2569253,381.92,11.991,1.1477,1.8382,11.63
5/27/2020,18.57,2683158,398.5,12.5115,1.1976,1.918,11.15
5/28/2020,18.57,2638909,392.28,12.3163,1.1789,1.8881,11.32
5/29/2020,18.57,2605294,387.52,12.1668,1.1646,1.8651,11.46
6/1/2020,18.57,2638207,392.01,12.3078,1.1781,1.8868,11.33
6/2/2020,18.57,2660072,395.23,12.4089,1.1877,1.9023,11.24
6/3/2020,18.57,2763287,410.36,12.8839,1.2332,1.9751,10.82
6/4/2020,18.57,2819616,418.46,13.1382,1.2576,2.0141,10.61
6/5/2020,18.57,2927282,434.64,13.6462,1.3062,2.0919,10.22
6/8/2020,18.57,2980505,442.27,13.8858,1.3291,2.1287,10.04
6/9/2020,18.57,2918809,432.93,13.5925,1.301,2.0837,10.26
6/10/2020,18.57,2807495,416.7,13.083,1.2523,2.0056,10.66
6/11/2020,18.57,2577062,382.62,12.013,1.1499,1.8416,11.61
6/12/2020,18.57,2655960,394.14,12.3747,1.1845,1.897,11.27
6/15/2020,18.57,2694129,399.56,12.5448,1.2008,1.9231,11.12
6/16/2020,18.57,2734206,405.29,12.7247,1.218,1.9507,10.96
6/17/2020,18.57,2696075,399.73,12.5502,1.2013,1.9239,11.11
6/18/2020,18.57,2693515,399.37,12.5389,1.2002,1.9222,11.12
6/19/2020,18.57,2675352,396.68,12.4544,1.1921,1.9092,11.2
6/22/2020,18.53,2661457,394.78,12.4342,1.1912,1.9035,11.29
6/23/2020,18.53,2672377,396.43,12.4862,1.1962,1.9114,11.24
6/24/2020,18.53,2576697,382.51,12.0478,1.1542,1.8443,11.65
6/25/2020,18.53,2649005,392.86,12.3738,1.1854,1.8942,11.34
6/26/2020,18.53,2531018,375.84,11.8377,1.134,1.8122,11.86
6/29/2020,18.53,2556374,379.56,11.9549,1.1453,1.8301,11.74
6/30/2020,17.36,2597246,385.49,13.7943,1.1271,1.8235,14.81
7/1/2020,17.36,2569068,381.5,13.6515,1.1155,1.8047,14.97
7/2/2020,17.36,2570626,381.75,13.6604,1.1162,1.8058,14.96
7/6/2020,17.36,2620840,389.19,13.9267,1.138,1.841,14.67
7/7/2020,17.36,2564668,381.12,13.6379,1.1144,1.8029,14.98
7/8/2020,17.36,2593151,385.14,13.7817,1.1261,1.8219,14.82
7/9/2020,17.36,2536380,376.87,13.4858,1.1019,1.7828,15.15
7/10/2020,17.36,2626528,389.97,13.9546,1.1402,1.8447,14.64
7/13/2020,17.36,2634566,391.22,13.9993,1.1439,1.8506,14.59
7/14/2020,17.36,2650571,393.95,14.097,1.1519,1.8635,14.49
7/15/2020,17.36,2703019,401.47,14.3661,1.1739,1.8991,14.22
7/16/2020,17.36,2700961,401.26,14.3586,1.1733,1.8981,14.23
7/17/2020,17.36,2676694,397.87,14.2373,1.1633,1.8821,14.35
7/20/2020,17.36,2666548,396.4,14.1847,1.159,1.8751,14.4
7/21/2020,17.36,2718935,403.96,14.4552,1.1811,1.9109,14.13
7/22/2020,17.36,2715942,403.61,14.4427,1.1801,1.9092,14.15
7/23/2020,17.36,2720234,404.33,14.4684,1.1822,1.9126,14.12
7/24/2020,17.36,2708965,402.85,14.4155,1.1779,1.9056,14.17
7/27/2020,17.36,2688111,399.58,14.2985,1.1683,1.8902,14.29
7/28/2020,17.36,2678387,398.45,14.258,1.165,1.8848,14.33
7/29/2020,17.36,2733397,406.48,14.5454,1.1885,1.9228,14.05
7/30/2020,17.36,2681398,399.02,14.2784,1.1667,1.8875,14.31
7/31/2020,17.36,2679883,399.06,14.2799,1.1668,1.8877,14.31
8/3/2020,17.36,2683571,399.83,14.3074,1.1691,1.8914,14.28
8/4/2020,17.36,2670729,398.07,14.2444,1.1639,1.883,14.34
8/5/2020,17.36,2709771,403.89,14.4527,1.1809,1.9106,14.14
8/6/2020,17.36,2704530,403.29,14.4312,1.1792,1.9077,14.16
8/7/2020,17.36,2763810,412.08,14.7458,1.2049,1.9493,13.86
8/10/2020,17.36,2783051,414.73,14.8406,1.2126,1.9618,13.77
8/11/2020,17.36,2820638,420.12,15.0335,1.2284,1.9873,13.59
8/12/2020,17.36,2811711,418.9,14.9898,1.2248,1.9816,13.63
8/13/2020,17.36,2794103,416.33,14.8978,1.2173,1.9694,13.71
8/14/2020,17.36,2802085,417.39,14.9358,1.2204,1.9744,13.68
8/17/2020,17.36,2759202,410.98,14.7064,1.2017,1.9441,13.89
8/18/2020,17.36,2738862,408.22,14.6076,1.1936,1.9311,13.99
8/19/2020,17.36,2737564,407.91,14.5965,1.1927,1.9296,14
8/20/2020,17.36,2712378,404.26,14.4659,1.182,1.9123,14.12
8/21/2020,17.36,2704183,403.18,14.4273,1.1789,1.9072,14.16
8/24/2020,17.36,2767146,412.53,14.7619,1.2062,1.9514,13.84
8/25/2020,17.36,2774350,413.65,14.8019,1.2095,1.9567,13.8
8/26/2020,17.36,2759597,411.67,14.7311,1.2037,1.9474,13.87
8/27/2020,17.36,2808636,418.84,14.9877,1.2247,1.9813,13.63
8/28/2020,17.36,2820960,420.73,15.0553,1.2302,1.9902,13.57
8/31/2020,17.36,2784650,415.53,14.8692,1.215,1.9656,13.74
9/1/2020,17.36,2790801,416.43,14.9014,1.2176,1.9699,13.71
9/2/2020,17.36,2832994,422.68,15.1251,1.2359,1.9995,13.51
9/3/2020,17.36,2788666,415.99,14.8857,1.2163,1.9678,13.73
9/4/2020,17.36,2811496,419.21,15.0009,1.2257,1.983,13.62
9/8/2020,17.36,2734738,408.34,14.6119,1.194,1.9316,13.98
9/9/2020,17.36,2759494,412.07,14.7454,1.2049,1.9493,13.86
9/10/2020,17.36,2719889,406.25,14.5371,1.1878,1.9217,14.05
9/11/2020,17.36,2741549,409.33,14.6474,1.1969,1.9363,13.95
9/14/2020,17.36,2778426,414.7,14.8395,1.2126,1.9617,13.77
9/15/2020,17.36,2739550,409.04,14.637,1.196,1.9349,13.96
9/16/2020,17.36,2770968,413.56,14.7987,1.2092,1.9563,13.81
9/17/2020,17.36,2742848,409.42,14.6506,1.1971,1.9367,13.95
9/18/2020,17.36,2735537,408.43,14.6152,1.1942,1.932,13.98
9/21/2020,17.48,2666248,398.24,14.2653,1.16,1.8795,14.29
9/22/2020,17.48,2641946,394.88,14.145,1.1502,1.8637,14.41
9/23/2020,17.48,2583627,386.22,13.8347,1.125,1.8228,14.74
9/24/2020,17.48,2589297,386.97,13.8616,1.1271,1.8263,14.71
9/25/2020,17.48,2617310,391.1,14.0096,1.1392,1.8458,14.55
9/28/2020,17.48,2678061,399.97,14.3273,1.165,1.8877,14.23
9/29/2020,17.48,2647271,395.37,14.1625,1.1516,1.866,14.4
9/30/2020,17.07,2680677,400.28,14.3759,1.1308,1.8603,11.66
10/1/2020,17.07,2687293,401.18,14.4083,1.1333,1.8645,11.64
10/2/2020,17.07,2718652,404,14.5095,1.1413,1.8776,11.56
10/5/2020,17.07,2762835,410.41,14.7398,1.1594,1.9074,11.38
10/6/2020,17,2755554,406.16,14.5931,1.1492,1.8924,11.42
10/7/2020,17.19,2793185,413.23,14.8036,1.1665,1.9202,10.99
10/8/2020,17.19,2831765,418.84,15.0046,1.1823,1.9462,10.84
10/9/2020,17.19,2833752,419.12,15.0146,1.1831,1.9475,10.84
10/12/2020,17.19,2867302,423.89,15.1855,1.1966,1.9697,10.71
10/13/2020,17.19,2814386,415.99,14.9025,1.1743,1.933,10.92
10/14/2020,17.19,2783793,411.55,14.7435,1.1617,1.9124,11.04
10/15/2020,17.19,2807806,414.87,14.8624,1.1711,1.9278,10.95
10/16/2020,17.19,2810546,415.21,14.8746,1.1721,1.9294,10.94
10/19/2020,17.19,2765899,408.67,14.6403,1.1536,1.899,11.11
10/20/2020,17.19,2789042,412.01,14.7599,1.163,1.9145,11.02
10/21/2020,17.19,2776225,410.28,14.698,1.1582,1.9065,11.07
10/22/2020,17.19,2830416,417.99,14.9742,1.1799,1.9423,10.87
10/23/2020,17.19,2839511,419.47,15.0272,1.1841,1.9492,10.83
10/26/2020,17.19,2775492,410.1,14.6915,1.1576,1.9056,11.07
10/27/2020,17.19,2719677,402.27,14.411,1.1355,1.8692,11.29
10/28/2020,17.19,2652665,392.35,14.0556,1.1075,1.8231,11.58
10/29/2020,17.19,2673295,395.01,14.1509,1.1151,1.8355,11.5
10/30/2020,17.19,2680297,396.09,14.1896,1.1181,1.8405,11.47
11/2/2020,17.19,2733292,403.78,14.4651,1.1398,1.8763,11.25
11/3/2020,17.19,2795301,412.65,14.7829,1.1648,1.9175,11.01
11/4/2020,17.19,2757893,407.42,14.5955,1.1501,1.8932,11.15
11/5/2020,17.19,2827948,417.44,14.9545,1.1784,1.9397,10.88
11/6/2020,17.19,2802683,414.07,14.8337,1.1689,1.9241,10.97
11/9/2020,17.19,3029130,447.89,16.0453,1.2643,2.0812,10.14
11/10/2020,17.19,3046970,451.14,16.1617,1.2735,2.0963,10.07
11/11/2020,17.19,3027973,448.89,16.0811,1.2671,2.0859,10.12
11/12/2020,17.19,2976387,441.35,15.811,1.2459,2.0508,10.29
11/13/2020,17.19,3024465,448.35,16.0618,1.2656,2.0834,10.13
11/16/2020,17.19,3093031,458.56,16.4276,1.2944,2.1308,9.9
11/17/2020,17.19,3086983,457.62,16.3939,1.2918,2.1264,9.92
11/18/2020,17.19,3058928,453.45,16.2445,1.28,2.1071,10.02
11/19/2020,17.19,3067921,454.78,16.2921,1.2838,2.1132,9.99
11/20/2020,17.19,3041307,450.77,16.1485,1.2725,2.0946,10.08
11/23/2020,17.19,3100634,459.26,16.4526,1.2964,2.1341,9.89
11/24/2020,17.19,3213170,475.46,17.033,1.3421,2.2093,9.55
11/25/2020,17.19,3200192,473.5,16.9628,1.3366,2.2002,9.59
11/27/2020,17.19,3187690,471.52,16.8918,1.331,2.191,9.63
11/30/2020,17.19,3125061,462.45,16.5669,1.3054,2.1489,9.82
12/1/2020,17.19,3176181,469.71,16.827,1.3259,2.1826,9.67
12/2/2020,17.19,3210901,474.66,17.0043,1.3399,2.2056,9.57
12/3/2020,17.19,3210824,474.69,17.0054,1.34,2.2058,9.57
12/4/2020,17.19,3248516,480.05,17.1974,1.3551,2.2307,9.46
12/7/2020,17.19,3225899,476.67,17.0763,1.3456,2.215,9.53
12/8/2020,17.19,3224253,476.39,17.0663,1.3448,2.2137,9.53
12/9/2020,17.19,3217569,475.41,17.0312,1.342,2.2091,9.55
12/10/2020,17.19,3223127,476.18,17.0588,1.3442,2.2127,9.54
12/11/2020,17.19,3190964,471.58,16.894,1.3312,2.1913,9.63
12/14/2020,17.19,3151986,465.81,16.6873,1.3149,2.1645,9.75
12/15/2020,17.19,3206735,473.62,16.9671,1.337,2.2008,9.59
12/16/2020,17.19,3212598,474.19,16.9875,1.3386,2.2034,9.58
12/17/2020,17.19,3222837,475.85,17.047,1.3432,2.2111,9.54
12/18/2020,17.19,3197587,472.13,16.9137,1.3327,2.1939,9.62
12/21/2020,17.19,3239118,477.98,17.1157,1.3492,2.2233,9.51
12/22/2020,17.19,3207483,473.37,16.9506,1.3362,2.2019,9.6
12/23/2020,17.19,3259783,480.95,17.2221,1.3576,2.2372,9.45
12/24/2020,17.19,3260902,481.31,17.2349,1.3586,2.2388,9.44
12/28/2020,17.19,3277151,483.77,17.323,1.3656,2.2503,9.39
12/29/2020,17.19,3264675,482.11,17.2636,1.3609,2.2426,9.43
12/30/2020,17.19,3278061,484.02,17.332,1.3663,2.2514,9.39
12/31/2020,16.45,3321758,490.43,16.8399,1.3227,2.2586,2
1/4/2021,16.45,3277396,483.8,16.6123,1.3048,2.2281,2.02
1/5/2021,16.45,3290858,485.6,16.6741,1.3097,2.2364,2.01
1/6/2021,16.45,3439889,506.78,17.4013,1.3668,2.3339,1.93
1/7/2021,16.45,3490445,514.23,17.6571,1.3869,2.3683,1.9
1/8/2021,16.45,3482907,513.24,17.6231,1.3842,2.3637,1.91
1/11/2021,16.45,3499456,515.43,17.6983,1.3901,2.3738,1.9
1/12/2021,16.45,3538345,520.91,17.8865,1.4049,2.399,1.88
1/13/2021,16.45,3531566,520.14,17.8601,1.4028,2.3955,1.88
1/14/2021,16.45,3550098,522.77,17.9504,1.4099,2.4076,1.87
1/15/2021,16.45,3485272,513.38,17.6279,1.3846,2.3643,1.91
1/19/2021,16.45,3500753,515.6,17.7042,1.3906,2.3746,1.9
1/20/2021,16.45,3483811,513.19,17.6214,1.3841,2.3635,1.91
1/21/2021,16.45,3446121,507.78,17.4357,1.3695,2.3386,1.93
1/22/2021,16.45,3420971,504.11,17.3096,1.3596,2.3216,1.94
1/25/2021,16.45,3392566,500.26,17.1774,1.3492,2.3039,1.96
1/26/2021,16.45,3364721,496.25,17.0398,1.3384,2.2854,1.97
1/27/2021,16.45,3263797,481.67,16.5391,1.2991,2.2183,2.03
1/28/2021,16.45,3327197,490.9,16.8561,1.3239,2.2608,1.99
1/29/2021,16.45,3257851,480.98,16.5154,1.2972,2.2151,2.03
2/1/2021,16.45,3295287,486.35,16.6998,1.3117,2.2399,2.01
2/2/2021,16.45,3378235,498.3,17.1101,1.3439,2.2949,1.96
2/3/2021,16.45,3395333,500.85,17.1977,1.3508,2.3066,1.95
2/4/2021,16.45,3473471,512.25,17.5891,1.3815,2.3591,1.91
2/5/2021,16.45,3477472,512.69,17.6043,1.3827,2.3612,1.91
2/8/2021,16.45,3520622,518.95,17.8192,1.3996,2.39,1.89
2/9/2021,16.45,3522863,519.49,17.8377,1.4011,2.3925,1.88
2/10/2021,16.45,3520579,519.17,17.8268,1.4002,2.391,1.88
2/11/2021,16.45,3512665,518.02,17.7873,1.3971,2.3857,1.89
2/12/2021,16.45,3545896,522.92,17.9555,1.4103,2.4083,1.87
2/16/2021,16.45,3609866,532.19,18.2738,1.4353,2.451,1.84
2/17/2021,16.45,3622335,534.08,18.3387,1.4404,2.4597,1.83
2/18/2021,16.45,3604447,531.43,18.2477,1.4333,2.4475,1.84
2/19/2021,16.45,3647809,537.59,18.4592,1.4499,2.4758,1.82
2/22/2021,16.45,3684313,542.84,18.6395,1.464,2.5,1.8
2/23/2021,16.45,3702265,545.54,18.7322,1.4713,2.5125,1.79
2/24/2021,16.45,3777590,556.51,19.1089,1.5009,2.563,1.76
2/25/2021,16.45,3709116,546.42,18.7624,1.4737,2.5165,1.79
2/26/2021,16.45,3635064,535.64,18.3923,1.4446,2.4669,1.83
3/1/2021,16.49,3753687,552.37,18.9505,1.4898,2.544,1.74
3/2/2021,16.49,3733873,550.72,18.8939,1.4854,2.5364,1.74
3/3/2021,16.49,3762821,554.87,19.0363,1.4966,2.5556,1.73
3/4/2021,16.49,3720241,548.17,18.8064,1.4785,2.5247,1.75
3/5/2021,16.49,3788976,558.63,19.1653,1.5067,2.5729,1.72
3/8/2021,16.49,3835907,565.84,19.4126,1.5262,2.6061,1.7
3/9/2021,16.49,3800301,561,19.2466,1.5131,2.5838,1.71
3/10/2021,16.49,3873657,571.75,19.6154,1.5421,2.6333,1.68
3/11/2021,16.49,3865101,570.15,19.5605,1.5378,2.6259,1.69
3/12/2021,16.49,3909806,576.35,19.7732,1.5545,2.6545,1.67
3/15/2021,16.49,3890267,573.09,19.6614,1.5457,2.6395,1.68
3/16/2021,16.49,3846381,566.63,19.4397,1.5283,2.6097,1.7
3/17/2021,16.49,3872414,570.31,19.566,1.5382,2.6267,1.68
3/18/2021,16.49,3894651,573.52,19.6761,1.5469,2.6415,1.68
3/19/2021,16.49,3847956,566.65,19.4404,1.5283,2.6098,1.7
3/22/2021,16.51,3796658,559.29,19.1818,1.5096,2.58,1.69
3/23/2021,16.51,3741699,551.41,18.9115,1.4884,2.5436,1.72
3/24/2021,16.51,3757586,553.81,18.9938,1.4948,2.5547,1.71
3/25/2021,16.5,3818591,562.53,19.2935,1.5186,2.5954,1.68
3/26/2021,16.5,3882090,572.1,19.6217,1.5444,2.6395,1.66
3/29/2021,16.5,3843368,566.8,19.4399,1.5301,2.6151,1.67
3/30/2021,16.5,3872271,570.85,19.5788,1.541,2.6337,1.7
3/31/2021,16.59,3838061,565.72,15.1818,1.5195,2.4545,0.17
4/1/2021,16.59,3888323,572.97,15.3763,1.539,2.4859,0.17
4/5/2021,16.59,3915275,577.22,15.4904,1.5504,2.5044,0.16
4/6/2021,16.59,3910283,576.59,15.4735,1.5487,2.5016,0.16
4/7/2021,16.59,3923428,578.95,15.5368,1.5551,2.5119,0.16
4/8/2021,16.59,3923458,578.91,15.5357,1.5549,2.5117,0.16
4/9/2021,16.59,3958265,583.88,15.6691,1.5683,2.5333,0.16
4/12/2021,16.59,3974317,586.42,15.7373,1.5751,2.5443,0.16
4/13/2021,16.59,3936205,581.01,15.5921,1.5606,2.5208,0.16
4/14/2021,16.59,3964163,584.87,15.6957,1.571,2.5376,0.16
4/15/2021,16.59,3956450,584.25,15.6791,1.5693,2.5349,0.16
4/16/2021,16.59,3980445,588.09,15.7821,1.5796,2.5515,0.16
4/19/2021,16.59,3970816,586.42,15.7373,1.5751,2.5443,0.16
4/20/2021,16.59,3896817,575.78,15.4517,1.5465,2.4981,0.16
4/21/2021,16.59,3951112,583.77,15.6662,1.568,2.5328,0.16
4/22/2021,16.59,3907310,577.31,15.4928,1.5506,2.5048,0.16
4/23/2021,16.59,3980907,587.97,15.7789,1.5793,2.551,0.16
4/26/2021,16.59,3996327,589.93,15.8315,1.5845,2.5595,0.16
4/27/2021,16.59,4032141,595.27,15.9748,1.5989,2.5827,0.16
4/28/2021,16.59,4044833,596.94,16.0196,1.6034,2.5899,0.16
4/29/2021,16.59,4115821,607.79,16.3108,1.6325,2.637,0.16
4/30/2021,16.59,4075517,601.98,16.1549,1.6169,2.6118,0.16
